Card#,Version,Qty,Needed,Cardback,Discussion,@background,Title,Description,@cake,@vp-icon,vp,Scoring,pattern1,pattern2,pattern3,pattern4,pattern5,pattern6,Shape,score,@score1,@score2,@score3,@score4,@score5,num_tiles,tile_file_1,tile_file_2,tile_file_3,tile_file_4,tile_file_5,tile_file_6,@tile1,@tile2,@tile3,@tile4,@tile5,@tile6,@central_tile_1,@central_tile_2,@central_tile_3,@central_tile_4
1,1,1,1,reward,,reward_bg.png,Lemon madeleine,xxx,patisserie_lemon_madeleine.png,vp.png,1,Lemon,Yellow,Yellow,,,,,I2,0,,,,,,2,tile_yellow.png,tile_yellow.png,,,,,,,,,,,tile_yellow.png,tile_yellow.png,,
2,1,1,1,reward,,reward_bg.png,Tarte au citron,xxx,patisserie_tarte_au_citron.png,vp.png,2,Lemon,Yellow,Yellow,Yellow,,,,I3,1,symbol_Lemon.png,,,,,3,tile_yellow.png,tile_yellow.png,tile_yellow.png,,,,tile_yellow.png,tile_yellow.png,tile_yellow.png,,,,,,,
3,1,1,1,reward,,reward_bg.png,Pink grapefruit tartelette,xxx,patisserie_pink_grapefruit_tartelette.png,vp.png,2,Lemon,Pink,Pink,Green,,,,I3,1,symbol_Lemon.png,,,,,3,tile_pink.png,tile_pink.png,tile_green.png,,,,tile_pink.png,tile_pink.png,tile_green.png,,,,,,,
4,1,1,1,reward,,reward_bg.png,Orange marmalade slice,xxx,patisserie_orange_marmalade_slice.png,vp.png,2,Lemon,Orange,Orange,Blue,,,,I3,1,symbol_Lemon.png,,,,,3,tile_orange.png,tile_orange.png,tile_blue.png,,,,tile_orange.png,tile_orange.png,tile_blue.png,,,,,,,
5,1,1,1,reward,,reward_bg.png,Lemon meringue pie,xxx,patisserie_lemon_meringue_pie.png,vp.png,4,Lemon,Pink,Yellow,Pink,,Yellow,,T,2,,,,symbol_Lemon.png,symbol_Lemon.png,4,tile_pink.png,tile_yellow.png,tile_pink.png,,tile_yellow.png,,tile_pink.png,tile_yellow.png,tile_pink.png,,tile_yellow.png,,,,,
6,1,1,1,reward,,reward_bg.png,Earl Grey financier,xxx,patisserie_earl_grey_financier.png,vp.png,3,Lemon,,Blue,Blue,Yellow,Yellow,,S,2,,,,symbol_Lemon.png,symbol_Lemon.png,4,,tile_blue.png,tile_blue.png,tile_yellow.png,tile_yellow.png,,,tile_blue.png,tile_blue.png,tile_yellow.png,tile_yellow.png,,,,,
7,1,1,1,reward,,reward_bg.png,Key lime & blueberry tart,xxx,patisserie_key_lime_&_blueberry_tart.png,vp.png,5,Lemon,Green,Blue,,Blue,Green,,O,3,symbol_Lemon.png,symbol_Lemon.png,symbol_Lemon.png,,,4,tile_green.png,tile_blue.png,,tile_blue.png,tile_green.png,,tile_green.png,tile_blue.png,,tile_blue.png,tile_green.png,,,,,
8,1,1,1,reward,,reward_bg.png,Blood orange tart,xxx,patisserie_blood_orange_tart.png,vp.png,3,Lemon,,Orange,Orange,Pink,Pink,,S,2,,,,symbol_Lemon.png,symbol_Lemon.png,4,,tile_orange.png,tile_orange.png,tile_pink.png,tile_pink.png,,,tile_orange.png,tile_orange.png,tile_pink.png,tile_pink.png,,,,,
9,1,1,1,reward,,reward_bg.png,Yuzu tart,xxx,patisserie_yuzu_tart.png,vp.png,5,Lemon,Green,Green,,Pink,Orange,,O,3,symbol_Lemon.png,symbol_Lemon.png,symbol_Lemon.png,,,4,tile_green.png,tile_green.png,,tile_pink.png,tile_orange.png,,tile_green.png,tile_green.png,,tile_pink.png,tile_orange.png,,,,,
10,1,1,1,reward,,reward_bg.png,Lime & Earl Grey drizzle cake,xxx,patisserie_lime_&_earl_grey_drizzle_cake.png,vp.png,4,Lemon,Blue,Green,Blue,,Green,,T,2,,,,symbol_Lemon.png,symbol_Lemon.png,4,tile_blue.png,tile_green.png,tile_blue.png,,tile_green.png,,tile_blue.png,tile_green.png,tile_blue.png,,tile_green.png,,,,,
11,1,1,1,reward,,reward_bg.png,Chocolate-orange truffle,xxx,patisserie_chocolate-orange_truffle.png,vp.png,1,Chocolate,Orange,Orange,,,,,I2,0,,,,,,2,tile_orange.png,tile_orange.png,,,,,,,,,,,tile_orange.png,tile_orange.png,,
12,1,1,1,reward,,reward_bg.png,Chocolate-cherry tart,xxx,patisserie_chocolate-cherry_tart.png,vp.png,2,Chocolate,Pink,Pink,Yellow,,,,I3,1,symbol_Chocolate.png,,,,,3,tile_pink.png,tile_pink.png,tile_yellow.png,,,,tile_pink.png,tile_pink.png,tile_yellow.png,,,,,,,
13,1,1,1,reward,,reward_bg.png,Chocolate-mint truffle,xxx,patisserie_chocolate-mint_truffle.png,vp.png,2,Chocolate,Green,Green,Blue,,,,I3,1,symbol_Chocolate.png,,,,,3,tile_green.png,tile_green.png,tile_blue.png,,,,tile_green.png,tile_green.png,tile_blue.png,,,,,,,
14,1,1,1,reward,,reward_bg.png,Chocolate-hazelnut praliné,xxx,patisserie_chocolate-hazelnut_praliné.png,vp.png,2,Chocolate,Blue,Orange,Blue,,,,I3,1,symbol_Chocolate.png,,,,,3,tile_blue.png,tile_orange.png,tile_blue.png,,,,tile_blue.png,tile_orange.png,tile_blue.png,,,,,,,
15,1,1,1,reward,,reward_bg.png,Black Forest gateau,xxx,patisserie_black_forest_gateau.png,vp.png,3,Chocolate,,Pink,Pink,Yellow,Yellow,,S,2,,,,symbol_Chocolate.png,symbol_Chocolate.png,4,,tile_pink.png,tile_pink.png,tile_yellow.png,tile_yellow.png,,,tile_pink.png,tile_pink.png,tile_yellow.png,tile_yellow.png,,,,,
16,1,1,1,reward,,reward_bg.png,Sachertorte,xxx,patisserie_sachertorte.png,vp.png,4,Chocolate,Yellow,Orange,Yellow,,Orange,,T,2,,,,symbol_Chocolate.png,symbol_Chocolate.png,4,tile_yellow.png,tile_orange.png,tile_yellow.png,,tile_orange.png,,tile_yellow.png,tile_orange.png,tile_yellow.png,,tile_orange.png,,,,,
17,1,1,1,reward,,reward_bg.png,Pistachio chocolate religieuse,xxx,patisserie_pistachio_chocolate_religieuse.png,vp.png,3,Chocolate,,Green,Green,Pink,Pink,,S,2,,,,symbol_Chocolate.png,symbol_Chocolate.png,4,,tile_green.png,tile_green.png,tile_pink.png,tile_pink.png,,,tile_green.png,tile_green.png,tile_pink.png,tile_pink.png,,,,,
18,1,1,1,reward,,reward_bg.png,Chocolate-blueberry tartelette,xxx,patisserie_chocolate-blueberry_tartelette.png,vp.png,5,Chocolate,Yellow,Blue,,Blue,Yellow,,O,3,symbol_Chocolate.png,symbol_Chocolate.png,symbol_Chocolate.png,,,4,tile_yellow.png,tile_blue.png,,tile_blue.png,tile_yellow.png,,tile_yellow.png,tile_blue.png,,tile_blue.png,tile_yellow.png,,,,,
19,1,1,1,reward,,reward_bg.png,Opéra cake,xxx,patisserie_opéra_cake.png,vp.png,4,Chocolate,Blue,Yellow,Blue,,Yellow,,T,2,,,,symbol_Chocolate.png,symbol_Chocolate.png,4,tile_blue.png,tile_yellow.png,tile_blue.png,,tile_yellow.png,,tile_blue.png,tile_yellow.png,tile_blue.png,,tile_yellow.png,,,,,
20,1,1,1,reward,,reward_bg.png,Florentine,xxx,patisserie_florentine.png,vp.png,5,Chocolate,Blue,Blue,,Pink,Green,,O,3,symbol_Chocolate.png,symbol_Chocolate.png,symbol_Chocolate.png,,,4,tile_blue.png,tile_blue.png,,tile_pink.png,tile_green.png,,tile_blue.png,tile_blue.png,,tile_pink.png,tile_green.png,,,,,
21,1,1,1,reward,,reward_bg.png,Crème brûlée,xxx,patisserie_crème_brûlée.png,vp.png,1,Caramel,Yellow,Orange,,,,,I2,0,,,,,,2,tile_yellow.png,tile_orange.png,,,,,,,,,,,tile_yellow.png,tile_orange.png,,
22,1,1,1,reward,,reward_bg.png,Canelé,xxx,patisserie_canelé.png,vp.png,2,Caramel,Orange,Orange,Pink,,,,I3,1,symbol_Caramel.png,,,,,3,tile_orange.png,tile_orange.png,tile_pink.png,,,,tile_orange.png,tile_orange.png,tile_pink.png,,,,,,,
23,1,1,1,reward,,reward_bg.png,Tarte Tatin,xxx,patisserie_tarte_tatin.png,vp.png,2,Caramel,Green,Green,Orange,,,,I3,1,symbol_Caramel.png,,,,,3,tile_green.png,tile_green.png,tile_orange.png,,,,tile_green.png,tile_green.png,tile_orange.png,,,,,,,
24,1,1,1,reward,,reward_bg.png,Crème caramel,xxx,patisserie_crème_caramel.png,vp.png,2,Caramel,Yellow,Orange,Orange,,,,I3,1,symbol_Caramel.png,,,,,3,tile_yellow.png,tile_orange.png,tile_orange.png,,,,tile_yellow.png,tile_orange.png,tile_orange.png,,,,,,,
25,1,1,1,reward,,reward_bg.png,Salted caramel tart,xxx,patisserie_salted_caramel_tart.png,vp.png,3,Caramel,,Orange,Orange,Pink,Orange,,S,2,,,,symbol_Caramel.png,symbol_Caramel.png,4,,tile_orange.png,tile_orange.png,tile_pink.png,tile_orange.png,,,tile_orange.png,tile_orange.png,tile_pink.png,tile_orange.png,,,,,
26,1,1,1,reward,,reward_bg.png,Sticky toffee pudding,xxx,patisserie_sticky_toffee_pudding.png,vp.png,3,Caramel,,Orange,Orange,Yellow,Orange,,S,2,,,,symbol_Caramel.png,symbol_Caramel.png,4,,tile_orange.png,tile_orange.png,tile_yellow.png,tile_orange.png,,,tile_orange.png,tile_orange.png,tile_yellow.png,tile_orange.png,,,,,
27,1,1,1,reward,,reward_bg.png,Caramel apple charlotte,xxx,patisserie_caramel_apple_charlotte.png,vp.png,5,Caramel,Green,Green,,Orange,Blue,,O,3,symbol_Caramel.png,symbol_Caramel.png,symbol_Caramel.png,,,4,tile_green.png,tile_green.png,,tile_orange.png,tile_blue.png,,tile_green.png,tile_green.png,,tile_orange.png,tile_blue.png,,,,,
28,1,1,1,reward,,reward_bg.png,Earl Grey & caramel tart,xxx,patisserie_earl_grey_&_caramel_tart.png,vp.png,4,Caramel,Orange,Blue,Orange,,Blue,,T,2,,,,symbol_Caramel.png,symbol_Caramel.png,4,tile_orange.png,tile_blue.png,tile_orange.png,,tile_blue.png,,tile_orange.png,tile_blue.png,tile_orange.png,,tile_blue.png,,,,,
29,1,1,1,reward,,reward_bg.png,Paris-Brest (blueberry praliné),xxx,patisserie_paris-brest_(blueberry_praliné).png,vp.png,4,Caramel,Yellow,Blue,Yellow,,Blue,,T,2,,,,symbol_Caramel.png,symbol_Caramel.png,4,tile_yellow.png,tile_blue.png,tile_yellow.png,,tile_blue.png,,tile_yellow.png,tile_blue.png,tile_yellow.png,,tile_blue.png,,,,,
30,1,1,1,reward,,reward_bg.png,Banoffee pie,xxx,patisserie_banoffee_pie.png,vp.png,5,Caramel,Pink,Pink,,Green,Blue,,O,3,symbol_Caramel.png,symbol_Caramel.png,symbol_Caramel.png,,,4,tile_pink.png,tile_pink.png,,tile_green.png,tile_blue.png,,tile_pink.png,tile_pink.png,,tile_green.png,tile_blue.png,,,,,
31,1,1,1,reward,,reward_bg.png,Strawberry tartlet,xxx,patisserie_strawberry_tartlet.png,vp.png,1,Strawberry,Pink,Pink,,,,,I2,0,,,,,,2,tile_pink.png,tile_pink.png,,,,,,,,,,,tile_pink.png,tile_pink.png,,
32,1,1,1,reward,,reward_bg.png,Apple turnover,xxx,patisserie_apple_turnover.png,vp.png,2,Strawberry,Green,Yellow,Green,,,,I3,1,symbol_Strawberry.png,,,,,3,tile_green.png,tile_yellow.png,tile_green.png,,,,tile_green.png,tile_yellow.png,tile_green.png,,,,,,,
33,1,1,1,reward,,reward_bg.png,Blueberry mille-feuille,xxx,patisserie_blueberry_mille-feuille.png,vp.png,2,Strawberry,Blue,Blue,Pink,,,,I3,1,symbol_Strawberry.png,,,,,3,tile_blue.png,tile_blue.png,tile_pink.png,,,,tile_blue.png,tile_blue.png,tile_pink.png,,,,,,,
34,1,1,1,reward,,reward_bg.png,Plum tart,xxx,patisserie_plum_tart.png,vp.png,3,Strawberry,,Blue,Blue,Orange,Orange,,S,2,,,,symbol_Strawberry.png,symbol_Strawberry.png,4,,tile_blue.png,tile_blue.png,tile_orange.png,tile_orange.png,,,tile_blue.png,tile_blue.png,tile_orange.png,tile_orange.png,,,,,
35,1,1,1,reward,,reward_bg.png,Fraisier,xxx,patisserie_fraisier.png,vp.png,2,Strawberry,Pink,Pink,Pink,,,,I3,1,symbol_Strawberry.png,,,,,3,tile_pink.png,tile_pink.png,tile_pink.png,,,,tile_pink.png,tile_pink.png,tile_pink.png,,,,,,,
36,1,1,1,reward,,reward_bg.png,Mixed berry pavlova,xxx,patisserie_mixed_berry_pavlova.png,vp.png,3,Strawberry,,Blue,Blue,Pink,Pink,,S,2,,,,symbol_Strawberry.png,symbol_Strawberry.png,4,,tile_blue.png,tile_blue.png,tile_pink.png,tile_pink.png,,,tile_blue.png,tile_blue.png,tile_pink.png,tile_pink.png,,,,,
37,1,1,1,reward,,reward_bg.png,Carrot cake,xxx,patisserie_carrot_cake.png,vp.png,5,Strawberry,Orange,Green,,Green,Orange,,O,3,symbol_Strawberry.png,symbol_Strawberry.png,symbol_Strawberry.png,,,4,tile_orange.png,tile_green.png,,tile_green.png,tile_orange.png,,tile_orange.png,tile_green.png,,tile_green.png,tile_orange.png,,,,,
38,1,1,1,reward,,reward_bg.png,Blackcurrant cheesecake,xxx,patisserie_blackcurrant_cheesecake.png,vp.png,4,Strawberry,Green,Yellow,Green,,Yellow,,T,2,,,,symbol_Strawberry.png,symbol_Strawberry.png,4,tile_green.png,tile_yellow.png,tile_green.png,,tile_yellow.png,,tile_green.png,tile_yellow.png,tile_green.png,,tile_yellow.png,,,,,
39,1,1,1,reward,,reward_bg.png,Charlotte aux fraises,xxx,patisserie_charlotte_aux_fraises.png,vp.png,4,Strawberry,Yellow,Pink,Yellow,,Pink,,T,2,,,,symbol_Strawberry.png,symbol_Strawberry.png,4,tile_yellow.png,tile_pink.png,tile_yellow.png,,tile_pink.png,,tile_yellow.png,tile_pink.png,tile_yellow.png,,tile_pink.png,,,,,
40,1,1,1,reward,,reward_bg.png,Autumn fruit crumble,xxx,patisserie_autumn_fruit_crumble.png,vp.png,5,Strawberry,Orange,Orange,,Green,Blue,,O,3,symbol_Strawberry.png,symbol_Strawberry.png,symbol_Strawberry.png,,,4,tile_orange.png,tile_orange.png,,tile_green.png,tile_blue.png,,tile_orange.png,tile_orange.png,,tile_green.png,tile_blue.png,,,,,
41,1,1,1,reward,,reward_bg.png,Financier,xxx,patisserie_financier.png,vp.png,2,Almond,Yellow,Yellow,Orange,,,,I3,1,symbol_Almond.png,,,,,3,tile_yellow.png,tile_yellow.png,tile_orange.png,,,,tile_yellow.png,tile_yellow.png,tile_orange.png,,,,,,,
42,1,1,1,reward,,reward_bg.png,Pistachio macaron,xxx,patisserie_pistachio_macaron.png,vp.png,2,Almond,Green,Green,Yellow,,,,I3,1,symbol_Almond.png,,,,,3,tile_green.png,tile_green.png,tile_yellow.png,,,,tile_green.png,tile_green.png,tile_yellow.png,,,,,,,
43,1,1,1,reward,,reward_bg.png,Raspberry & pistachio tart,xxx,patisserie_raspberry_&_pistachio_tart.png,vp.png,3,Almond,,Green,Green,Pink,Green,,S,2,,,,symbol_Almond.png,symbol_Almond.png,4,,tile_green.png,tile_green.png,tile_pink.png,tile_green.png,,,tile_green.png,tile_green.png,tile_pink.png,tile_green.png,,,,,
44,1,1,1,reward,,reward_bg.png,Pistachio & blueberry religieuse,xxx,patisserie_pistachio_&_blueberry_religieuse.png,vp.png,3,Almond,,Blue,Blue,Green,Green,,S,2,,,,symbol_Almond.png,symbol_Almond.png,4,,tile_blue.png,tile_blue.png,tile_green.png,tile_green.png,,,tile_blue.png,tile_blue.png,tile_green.png,tile_green.png,,,,,
45,1,1,1,reward,,reward_bg.png,Bakewell tart,xxx,patisserie_bakewell_tart.png,vp.png,1,Almond,Pink,Yellow,,,,,I2,0,,,,,,2,tile_pink.png,tile_yellow.png,,,,,,,,,,,tile_pink.png,tile_yellow.png,,
46,1,1,1,reward,,reward_bg.png,Galette des Rois,xxx,patisserie_galette_des_rois.png,vp.png,2,Almond,Green,Green,Green,,,,I3,1,symbol_Almond.png,,,,,3,tile_green.png,tile_green.png,tile_green.png,,,,tile_green.png,tile_green.png,tile_green.png,,,,,,,
47,1,1,1,reward,,reward_bg.png,Mont Blanc,xxx,patisserie_mont_blanc.png,vp.png,4,Almond,Orange,Yellow,Orange,,Yellow,,T,2,,,,symbol_Almond.png,symbol_Almond.png,4,tile_orange.png,tile_yellow.png,tile_orange.png,,tile_yellow.png,,tile_orange.png,tile_yellow.png,tile_orange.png,,tile_yellow.png,,,,,
48,1,1,1,reward,,reward_bg.png,Blueberry frangipane tart,xxx,patisserie_blueberry_frangipane_tart.png,vp.png,4,Almond,Blue,Orange,Blue,,Orange,,T,2,,,,symbol_Almond.png,symbol_Almond.png,4,tile_blue.png,tile_orange.png,tile_blue.png,,tile_orange.png,,tile_blue.png,tile_orange.png,tile_blue.png,,tile_orange.png,,,,,
49,1,1,1,reward,,reward_bg.png,Fig & almond tart,xxx,patisserie_fig_&_almond_tart.png,vp.png,5,Almond,Pink,Pink,,Blue,Blue,,O,3,symbol_Almond.png,symbol_Almond.png,symbol_Almond.png,,,4,tile_pink.png,tile_pink.png,,tile_blue.png,tile_blue.png,,tile_pink.png,tile_pink.png,,tile_blue.png,tile_blue.png,,,,,
50,1,1,1,reward,,reward_bg.png,Battenberg,xxx,patisserie_battenberg.png,vp.png,5,Almond,Pink,Yellow,,Yellow,Pink,,O,3,symbol_Almond.png,symbol_Almond.png,symbol_Almond.png,,,4,tile_pink.png,tile_yellow.png,,tile_yellow.png,tile_pink.png,,tile_pink.png,tile_yellow.png,,tile_yellow.png,tile_pink.png,,,,,
